{"userID": "testUser", "errorCode": 0, "routeNo": 1, "routeKindId": 6, "length": 1108.0, "unit": "meter", "requireTime": 167, "toll": 0, "unknownToll": false, "pathPointNum": 19, "pathPointList": [{"longitude": 135.775466, "latitude": 35.008014}, {"longitude": 135.775421, "latitude": 35.008014}, {"longitude": 135.774749, "latitude": 35.008003}, {"longitude": 135.773864, "latitude": 35.007987}, {"longitude": 135.773681, "latitude": 35.007984}, {"longitude": 135.77272, "latitude": 35.007972}, {"longitude": 135.772277, "latitude": 35.007965}, {"longitude": 135.772247, "latitude": 35.006507}, {"longitude": 135.772155, "latitude": 35.005073}, {"longitude": 135.772109, "latitude": 35.004375}, {"longitude": 135.772033, "latitude": 35.003818}, {"longitude": 135.770965, "latitude": 35.003803}, {"longitude": 135.770507, "latitude": 35.003799}, {"longitude": 135.770339, "latitude": 35.003787}, {"longitude": 135.769287, "latitude": 35.003772}, {"longitude": 135.768783, "latitude": 35.003757}, {"longitude": 135.768768, "latitude": 35.004241}, {"longitude": 135.768661, "latitude": 35.004241}, {"longitude": 135.768646, "latitude": 35.00428}], "pathPointInfo": {"roadKind": [{"kind": "general", "index": 0}], "toll": [{"kind": "free", "index": 0}], "section": [{"no": 0, "index": 0}]}, "unavoidableInfo": {"toll": false, "highway": false, "ferry": false, "trafficRegulation": false}, "options": {"priority": "recommended", "useToll": true, "useFerry": true, "useLearnData": false, "careJam": false, "careRegulation": false, "careTimeRegulation": true, "carePassingPoint": false, "useSmartIC": true}, "mapVersion": {"status": "latest", "use": "g20230901-2", "new": "g20230901-2"}}